metric,value
face_accuracy_like,0.29015544041450775
face_precision,0.9333333333333333
face_recall,0.2962962962962963
face_f1,0.4497991967871485
head_accuracy_like,0.875
head_precision,0.927710843373494
head_recall,0.9390243902439024
head_f1,0.9333333333333333
